IC,LF
7.224644213558905,219.42999999999998
5.0985703709323085,237.96
0.6753440685458618,251.59999999999997
12.589076388827705,205.30999999999995
0.9334787261673198,237.9799999999999
5.0985703709323085,237.96
12.589076388827705,205.30999999999995
14.138580990248458,190.73000000000008
0.4344234232136117,300.8800000000001
6.893303698474201,234.82999999999996
