iter,HV
0,0.9799437308646938
1,0.9786464167346567
2,0.9793841907739219
3,0.9793845880928818
4,0.9802878200834275
5,0.9812859601568984
6,0.9816554781649393
7,0.9816554859126397
8,0.9821716378434984
9,0.983077089507339
