iter,HV
0,0.9754384172924305
1,0.9756528277188098
2,0.9756528277188098
3,0.9756528277188098
4,0.9772102206573288
5,0.977211105323593
6,0.977211105323593
7,0.977211105323593
8,0.977211105323593
9,0.9788531361479446
