iter,HV
0,0.97759138030509
1,0.9707485304202293
2,0.9744024051841292
3,0.9717526580592211
4,0.9715711011782036
5,0.9715755271884647
6,0.9715755271884647
7,0.9715769440027067
8,0.9715769545744728
9,0.9722126164365801
