iter,HV
0,0.9787331628283743
1,0.9772159439006582
2,0.9772159439006582
3,0.9772162773004031
4,0.9776450277708315
5,0.97788054570424
6,0.9792951729411676
7,0.9792951729411676
8,0.9808765717133155
9,0.9808895524131288
