IC,LF
2.0290437043887772,248.84000000000003
